PassengerId,Pclass
P1,3
P2,1
P3,3
P4,1
P5,3
P6,3
P7,1
P8,3
P9,3
P10,2
P11,3
P12,1
P13,3
P14,3
P15,3
P16,2
P17,3
P18,2
P19,3
P20,3
P21,2
P22,2
P23,3
P24,1
P25,3
P26,3
P27,3
P28,1
P29,3
P30,3
P31,1
P32,1
P33,3
P34,2
P35,1
P36,1
P37,3
P38,3
P39,3
P40,3
P41,3
P42,2
P43,3
P44,2
P45,3
P46,3
P47,3
P48,3
P49,3
P50,3
P51,3
P52,3
P53,1
P54,2
P55,1
P56,1
P57,2
P58,3
P59,2
P60,3
P61,3
P62,1
P63,1
P64,3
P65,1
P66,3
P67,2
P68,3
P69,3
P70,3
P71,2
P72,3
P73,2
P74,3
P75,3
P76,3
P77,3
P78,3
P79,2
P80,3
P81,3
P82,3
P83,3
P84,1
P85,2
P86,3
P87,3
P88,3
P89,1
P90,3
P91,3
P92,3
P93,1
P94,3
P95,3
P96,3
P97,1
P98,1
P99,2
P100,2
P101,3
P102,3
P103,1
P104,3
P105,3
P106,3
P107,3
P108,3
P109,3
P110,3
P111,1
P112,3
P113,3
P114,3
P115,3
P116,3
P117,3
P118,2
P119,1
P120,3
P121,2
P122,3
P123,2
P124,2
P125,1
P126,3
P127,3
P128,3
P129,3
P130,3
P131,3
P132,3
P133,3
P134,2
P135,2
P136,2
P137,1
P138,1
P139,3
P140,1
P141,3
P142,3
P143,3
P144,3
P145,2
P146,2
P147,3
P148,3
P149,2
P150,2
P151,2
P152,1
P153,3
P154,3
P155,3
P156,1
P157,3
P158,3
P159,3
P160,3
P161,3
P162,2
P163,3
P164,3
P165,3
P166,3
P167,1
P168,3
P169,1
P170,3
P171,1
P172,3
P173,3
P174,3
P175,1
P176,3
P177,3
P178,1
P179,2
P180,3
P181,3
P182,2
P183,3
P184,2
P185,3
P186,1
P187,3
P188,1
P189,3
P190,3
P191,2
P192,2
P193,3
P194,2
P195,1
P196,1
P197,3
P198,3
P199,3
P200,2
P201,3
P202,3
P203,3
P204,3
P205,3
P206,3
P207,3
P208,3
P209,3
P210,1
P211,3
P212,2
P213,3
P214,2
P215,3
P216,1
P217,3
P218,2
P219,1
P220,2
P221,3
P222,2
P223,3
P224,3
P225,1
P226,3
P227,2
P228,3
P229,2
P230,3
P231,1
P232,3
P233,2
P234,3
P235,2
P236,3
P237,2
P238,2
P239,2
P240,2
P241,3
P242,3
P243,2
P244,3
P245,3
P246,1
P247,3
P248,2
P249,1
P250,2
P251,3
P252,3
P253,1
P254,3
P255,3
P256,3
P257,1
P258,1
P259,1
P260,2
P261,3
P262,3
P263,1
P264,1
P265,3
P266,2
P267,3
P268,3
P269,1
P270,1
P271,1
P272,3
P273,2
P274,1
P275,3
P276,1
P277,3
P278,2
P279,3
P280,3
P281,3
P282,3
P283,3
P284,3
P285,1
P286,3
P287,3
P288,3
P289,2
P290,3
P291,1
P292,1
P293,2
P294,3
P295,3
P296,1
P297,3
P298,1
P299,1
P300,1
P301,3
P302,3
P303,3
P304,2
P305,3
P306,1
P307,1
P308,1
P309,2
P310,1
P311,1
P312,1
P313,2
P314,3
P315,2
P316,3
P317,2
P318,2
P319,1
P320,1
P321,3
P322,3
P323,2
P324,2
P325,3
P326,1
P327,3
P328,2
P329,3
P330,1
P331,3
P332,1
P333,1
P334,3
P335,1
P336,3
P337,1
P338,1
P339,3
P340,1
P341,2
P342,1
P343,2
P344,2
P345,2
P346,2
P347,2
P348,3
P349,3
P350,3
P351,3
P352,1
P353,3
P354,3
P355,3
P356,3
P357,1
P358,2
P359,3
P360,3
P361,3
P362,2
P363,3
P364,3
P365,3
P366,3
P367,1
P368,3
P369,3
P370,1
P371,1
P372,3
P373,3
P374,1
P375,3
P376,1
P377,3
P378,1
P379,3
P380,3
P381,1
P382,3
P383,3
P384,1
P385,3
P386,2
P387,3
P388,2
P389,3
P390,2
P391,1
P392,3
P393,3
P394,1
P395,3
P396,3
P397,3
P398,2
P399,2
P400,2
P401,3
P402,3
P403,3
P404,3
P405,3
P406,2
P407,3
P408,2
P409,3
P410,3
P411,3
P412,3
P413,1
P414,2
P415,3
P416,3
P417,2
P418,2
P419,2
P420,3
P421,3
P422,3
P423,3
P424,3
P425,3
P426,3
P427,2
P428,2
P429,3
P430,3
P431,1
P432,3
P433,2
P434,3
P435,1
P436,1
P437,3
P438,2
P439,1
P440,2
P441,2
P442,3
P443,3
P444,2
P445,3
P446,1
P447,2
P448,1
P449,3
P450,1
P451,2
P452,3
P453,1
P454,1
P455,3
P456,3
P457,1
P458,1
P459,2
P460,3
P461,1
P462,3
P463,1
P464,2
P465,3
P466,3
P467,2
P468,1
P469,3
P470,3
P471,3
P472,3
P473,2
P474,2
P475,3
P476,1
P477,2
P478,3
P479,3
P480,3
P481,3
P482,2
P483,3
P484,3
P485,1
P486,3
P487,1
P488,1
P489,3
P490,3
P491,3
P492,3
P493,1
P494,1
P495,3
P496,3
P497,1
P498,3
P499,1
P500,3
P501,3
P502,3
P503,3
P504,3
P505,1
P506,1
P507,2
P508,1
P509,3
P510,3
P511,3
P512,3
P513,1
P514,1
P515,3
P516,1
P517,2
P518,3
P519,2
P520,3
P521,1
P522,3
P523,3
P524,1
P525,3
P526,3
P527,2
P528,1
P529,3
P530,2
P531,2
P532,3
P533,3
P534,3
P535,3
P536,2
P537,1
P538,1
P539,3
P540,1
P541,1
P542,3
P543,3
P544,2
P545,1
P546,1
P547,2
P548,2
P549,3
P550,2
P551,1
P552,2
P553,3
P554,3
P555,3
P556,1
P557,1
P558,1
P559,1
P560,3
P561,3
P562,3
P563,2
P564,3
P565,3
P566,3
P567,3
P568,3
P569,3
P570,3
P571,2
P572,1
P573,1
P574,3
P575,3
P576,3
P577,2
P578,1
P579,3
P580,3
P581,2
P582,1
P583,2
P584,1
P585,3
P586,1
P587,2
P588,1
P589,3
P590,3
P591,3
P592,1
P593,3
P594,3
P595,2
P596,3
P597,2
P598,3
P599,3
P600,1
P601,2
P602,3
P603,1
P604,3
P605,1
P606,3
P607,3
P608,1
P609,2
P610,1
P611,3
P612,3
P613,3
P614,3
P615,3
P616,2
P617,3
P618,3
P619,2
P620,2
P621,3
P622,1
P623,3
P624,3
P625,3
P626,1
P627,2
P628,1
P629,3
P630,3
P631,1
P632,3
P633,1
P634,1
P635,3
P636,2
P637,3
P638,2
P639,3
P640,3
P641,3
P642,1
P643,3
P644,3
P645,3
P646,1
P647,3
P648,1
P649,3
P650,3
P651,3
P652,2
P653,3
P654,3
P655,3
P656,2
P657,3
P658,3
P659,2
P660,1
P661,1
P662,3
P663,1
P664,3
P665,3
P666,2
P667,2
P668,3
P669,3
P670,1
P671,2
P672,1
P673,2
P674,2
P675,2
P676,3
P677,3
P678,3
P679,3
P680,1
P681,3
P682,1
P683,3
P684,3
P685,2
P686,2
P687,3
P688,3
P689,3
P690,1
P691,1
P692,3
P693,3
P694,3
P695,1
P696,2
P697,3
P698,3
P699,1
P700,3
P701,1
P702,1
P703,3
P704,3
P705,3
P706,2
P707,2
P708,1
P709,1
P710,3
P711,1
P712,1
P713,1
P714,3
P715,2
P716,3
P717,1
P718,2
P719,3
P720,3
P721,2
P722,3
P723,2
P724,2
P725,1
P726,3
P727,2
P728,3
P729,2
P730,3
P731,1
P732,3
P733,2
P734,2
P735,2
P736,3
P737,3
P738,1
P739,3
P740,3
P741,1
P742,1
P743,1
P744,3
P745,3
P746,1
P747,3
P748,2
P749,1
P750,3
P751,2
P752,3
P753,3
P754,3
P755,2
P756,2
P757,3
P758,2
P759,3
P760,1
P761,3
P762,3
P763,3
P764,1
P765,3
P766,1
P767,1
P768,3
P769,3
P770,3
P771,3
P772,3
P773,2
P774,3
P775,2
P776,3
P777,3
P778,3
P779,3
P780,1
P781,3
P782,1
P783,1
P784,3
P785,3
P786,3
P787,3
P788,3
P789,3
P790,1
P791,3
P792,2
P793,3
P794,1
P795,3
P796,2
P797,1
P798,3
P799,3
P800,3
P801,2
P802,2
P803,1
P804,3
P805,3
P806,3
P807,1
P808,3
P809,2
P810,1
P811,3
P812,3
P813,2
P814,3
P815,3
P816,1
P817,3
P818,2
P819,3
P820,3
P821,1
P822,3
P823,1
P824,3
P825,3
P826,3
P827,3
P828,2
P829,3
P830,1
P831,3
P832,2
P833,3
P834,3
P835,3
P836,1
P837,3
P838,3
P839,3
P840,1
P841,3
P842,2
P843,1
P844,3
P845,3
P846,3
P847,3
P848,3
P849,2
P850,1
P851,3
P852,3
P853,3
P854,1
P855,2
P856,3
P857,1
P858,1
P859,3
P860,3
P861,3
P862,2
P863,1
P864,3
P865,2
P866,2
P867,2
P868,1
P869,3
P870,3
P871,3
P872,1
P873,1
P874,3
P875,2
P876,3
P877,3
P878,3
P879,3
P880,1
P881,2
P882,3
P883,3
P884,2
P885,3
P886,3
P887,2
P888,1
P889,3
P890,1
P891,3
