PassengerId,Port
P1,S
P2,C
P3,S
P4,S
P5,S
P6,Q
P7,S
P8,S
P9,S
P10,C
P11,S
P12,S
P13,S
P14,S
P15,S
P16,S
P17,Q
P18,S
P19,S
P20,C
P21,S
P22,S
P23,Q
P24,S
P25,S
P26,S
P27,C
P28,S
P29,Q
P30,S
P31,C
P32,C
P33,Q
P34,S
P35,C
P36,S
P37,C
P38,S
P39,S
P40,C
P41,S
P42,S
P43,C
P44,C
P45,Q
P46,S
P47,Q
P48,Q
P49,C
P50,S
P51,S
P52,S
P53,C
P54,S
P55,C
P56,S
P57,S
P58,C
P59,S
P60,S
P61,C
P63,S
P64,S
P65,C
P66,C
P67,S
P68,S
P69,S
P70,S
P71,S
P72,S
P73,S
P74,C
P75,S
P76,S
P77,S
P78,S
P79,S
P80,S
P81,S
P82,S
P83,Q
P84,S
P85,S
P86,S
P87,S
P88,S
P89,S
P90,S
P91,S
P92,S
P93,S
P94,S
P95,S
P96,S
P97,C
P98,C
P99,S
P100,S
P101,S
P102,S
P103,S
P104,S
P105,S
P106,S
P107,S
P108,S
P109,S
P110,Q
P111,S
P112,C
P113,S
P114,S
P115,C
P116,S
P117,Q
P118,S
P119,C
P120,S
P121,S
P122,S
P123,C
P124,S
P125,S
P126,C
P127,Q
P128,S
P129,C
P130,S
P131,C
P132,S
P133,S
P134,S
P135,S
P136,C
P137,S
P138,S
P139,S
P140,C
P141,C
P142,S
P143,S
P144,Q
P145,S
P146,S
P147,S
P148,S
P149,S
P150,S
P151,S
P152,S
P153,S
P154,S
P155,S
P156,C
P157,Q
P158,S
P159,S
P160,S
P161,S
P162,S
P163,S
P164,S
P165,S
P166,S
P167,S
P168,S
P169,S
P170,S
P171,S
P172,Q
P173,S
P174,S
P175,C
P176,S
P177,S
P178,C
P179,S
P180,S
P181,S
P182,C
P183,S
P184,S
P185,S
P186,S
P187,Q
P188,S
P189,Q
P190,S
P191,S
P192,S
P193,S
P194,S
P195,C
P196,C
P197,Q
P198,S
P199,Q
P200,S
P201,S
P202,S
P203,S
P204,C
P205,S
P206,S
P207,S
P208,C
P209,Q
P210,C
P211,S
P212,S
P213,S
P214,S
P215,Q
P216,C
P217,S
P218,S
P219,C
P220,S
P221,S
P222,S
P223,S
P224,S
P225,S
P226,S
P227,S
P228,S
P229,S
P230,S
P231,S
P232,S
P233,S
P234,S
P235,S
P236,S
P237,S
P238,S
P239,S
P240,S
P241,C
P242,Q
P243,S
P244,S
P245,C
P246,Q
P247,S
P248,S
P249,S
P250,S
P251,S
P252,S
P253,S
P254,S
P255,S
P256,C
P257,C
P258,S
P259,C
P260,S
P261,Q
P262,S
P263,S
P264,S
P265,Q
P266,S
P267,S
P268,S
P269,S
P270,S
P271,S
P272,S
P273,S
P274,C
P275,Q
P276,S
P277,S
P278,S
P279,Q
P280,S
P281,Q
P282,S
P283,S
P284,S
P285,S
P286,C
P287,S
P288,S
P289,S
P290,Q
P291,S
P292,C
P293,C
P294,S
P295,S
P296,C
P297,C
P298,S
P299,S
P300,C
P301,Q
P302,Q
P303,S
P304,Q
P305,S
P306,S
P307,C
P308,C
P309,C
P310,C
P311,C
P312,C
P313,S
P314,S
P315,S
P316,S
P317,S
P318,S
P319,S
P320,C
P321,S
P322,S
P323,Q
P324,S
P325,S
P326,C
P327,S
P328,S
P329,S
P330,C
P331,Q
P332,S
P333,S
P334,S
P335,S
P336,S
P337,S
P338,C
P339,S
P340,S
P341,S
P342,S
P343,S
P344,S
P345,S
P346,S
P347,S
P348,S
P349,S
P350,S
P351,S
P352,S
P353,C
P354,S
P355,C
P356,S
P357,S
P358,S
P359,Q
P360,Q
P361,S
P362,C
P363,C
P364,S
P365,Q
P366,S
P367,C
P368,C
P369,Q
P370,C
P371,C
P372,S
P373,S
P374,C
P375,S
P376,C
P377,S
P378,C
P379,C
P380,S
P381,C
P382,C
P383,S
P384,S
P385,S
P386,S
P387,S
P388,S
P389,Q
P390,C
P391,S
P392,S
P393,S
P394,C
P395,S
P396,S
P397,S
P398,S
P399,S
P400,S
P401,S
P402,S
P403,S
P404,S
P405,S
P406,S
P407,S
P408,S
P409,S
P410,S
P411,S
P412,Q
P413,Q
P414,S
P415,S
P416,S
P417,S
P418,S
P419,S
P420,S
P421,C
P422,Q
P423,S
P424,S
P425,S
P426,S
P427,S
P428,S
P429,Q
P430,S
P431,S
P432,S
P433,S
P434,S
P435,S
P436,S
P437,S
P438,S
P439,S
P440,S
P441,S
P442,S
P443,S
P444,S
P445,S
P446,S
P447,S
P448,S
P449,C
P450,S
P451,S
P452,S
P453,C
P454,C
P455,S
P456,C
P457,S
P458,S
P459,S
P460,Q
P461,S
P462,S
P463,S
P464,S
P465,S
P466,S
P467,S
P468,S
P469,Q
P470,C
P471,S
P472,S
P473,S
P474,C
P475,S
P476,S
P477,S
P478,S
P479,S
P480,S
P481,S
P482,S
P483,S
P484,S
P485,C
P486,S
P487,S
P488,C
P489,S
P490,S
P491,S
P492,S
P493,S
P494,C
P495,S
P496,C
P497,C
P498,S
P499,S
P500,S
P501,S
P502,Q
P503,Q
P504,S
P505,S
P506,C
P507,S
P508,S
P509,S
P510,S
P511,Q
P512,S
P513,S
P514,C
P515,S
P516,S
P517,S
P518,Q
P519,S
P520,S
P521,S
P522,S
P523,C
P524,C
P525,C
P526,Q
P527,S
P528,S
P529,S
P530,S
P531,S
P532,C
P533,C
P534,C
P535,S
P536,S
P537,S
P538,C
P539,S
P540,C
P541,S
P542,S
P543,S
P544,S
P545,C
P546,S
P547,S
P548,C
P549,S
P550,S
P551,C
P552,S
P553,Q
P554,C
P555,S
P556,S
P557,C
P558,C
P559,S
P560,S
P561,Q
P562,S
P563,S
P564,S
P565,S
P566,S
P567,S
P568,S
P569,C
P570,S
P571,S
P572,S
P573,S
P574,Q
P575,S
P576,S
P577,S
P578,S
P579,C
P580,S
P581,S
P582,C
P583,S
P584,C
P585,C
P586,S
P587,S
P588,C
P589,S
P590,S
P591,S
P592,C
P593,S
P594,Q
P595,S
P596,S
P597,S
P598,S
P599,C
P600,C
P601,S
P602,S
P603,S
P604,S
P605,C
P606,S
P607,S
P608,S
P609,C
P610,S
P611,S
P612,S
P613,Q
P614,Q
P615,S
P616,S
P617,S
P618,S
P619,S
P620,S
P621,C
P622,S
P623,C
P624,S
P625,S
P626,S
P627,Q
P628,S
P629,S
P630,Q
P631,S
P632,S
P633,C
P634,S
P635,S
P636,S
P637,S
P638,S
P639,S
P640,S
P641,S
P642,C
P643,S
P644,S
P645,C
P646,C
P647,S
P648,C
P649,S
P650,S
P651,S
P652,S
P653,S
P654,Q
P655,Q
P656,S
P657,S
P658,Q
P659,S
P660,C
P661,S
P662,C
P663,S
P664,S
P665,S
P666,S
P667,S
P668,S
P669,S
P670,S
P671,S
P672,S
P673,S
P674,S
P675,S
P676,S
P677,S
P678,S
P679,S
P680,C
P681,Q
P682,C
P683,S
P684,S
P685,S
P686,C
P687,S
P688,S
P689,S
P690,S
P691,S
P692,C
P693,S
P694,C
P695,S
P696,S
P697,S
P698,Q
P699,C
P700,S
P701,C
P702,S
P703,C
P704,Q
P705,S
P706,S
P707,S
P708,S
P709,S
P710,C
P711,C
P712,S
P713,S
P714,S
P715,S
P716,S
P717,C
P718,S
P719,Q
P720,S
P721,S
P722,S
P723,S
P724,S
P725,S
P726,S
P727,S
P728,Q
P729,S
P730,S
P731,S
P732,C
P733,S
P734,S
P735,S
P736,S
P737,S
P738,C
P739,S
P740,S
P741,S
P742,S
P743,C
P744,S
P745,S
P746,S
P747,S
P748,S
P749,S
P750,Q
P751,S
P752,S
P753,S
P754,S
P755,S
P756,S
P757,S
P758,S
P759,S
P760,S
P761,S
P762,S
P763,C
P764,S
P765,S
P766,S
P767,C
P768,Q
P769,Q
P770,S
P771,S
P772,S
P773,S
P774,C
P775,S
P776,S
P777,Q
P778,S
P779,Q
P780,S
P781,C
P782,S
P783,S
P784,S
P785,S
P786,S
P787,S
P788,Q
P789,S
P790,C
P791,Q
P792,S
P793,S
P794,C
P795,S
P796,S
P797,S
P798,S
P799,C
P800,S
P801,S
P802,S
P803,S
P804,C
P805,S
P806,S
P807,S
P808,S
P809,S
P810,S
P811,S
P812,S
P813,S
P814,S
P815,S
P816,S
P817,S
P818,C
P819,S
P820,S
P821,S
P822,S
P823,S
P824,S
P825,S
P826,Q
P827,S
P828,C
P829,Q
P831,C
P832,S
P833,C
P834,S
P835,S
P836,C
P837,S
P838,S
P839,S
P840,C
P841,S
P842,S
P843,C
P844,C
P845,S
P846,S
P847,S
P848,C
P849,S
P850,C
P851,S
P852,S
P853,C
P854,S
P855,S
P856,S
P857,S
P858,S
P859,C
P860,C
P861,S
P862,S
P863,S
P864,S
P865,S
P866,S
P867,C
P868,S
P869,S
P870,S
P871,S
P872,S
P873,S
P874,S
P875,C
P876,C
P877,S
P878,S
P879,S
P880,C
P881,S
P882,S
P883,S
P884,S
P885,S
P886,Q
P887,S
P888,S
P889,S
P890,C
P891,Q
