PassengerId1,PassengerId2,Ticket
P258,P505,110152
P258,P760,110152
P505,P760,110152
P263,P559,110413
P263,P586,110413
P559,P586,110413
P111,P476,110465
P330,P524,111361
P167,P357,113505
P62,P830,113572
P391,P436,113760
P391,P764,113760
P391,P803,113760
P436,P764,113760
P436,P803,113760
P764,P803,113760
P152,P337,113776
P298,P306,113781
P298,P499,113781
P298,P709,113781
P306,P499,113781
P306,P709,113781
P499,P709,113781
P36,P384,113789
P271,P843,113798
P4,P138,113803
P725,P810,113806
P42,P118,11668
P249,P872,11751
P311,P880,11767
P292,P485,11967
P521,P821,12749
P276,P628,13502
P276,P766,13502
P628,P766,13502
P435,P578,13507
P75,P170,1601
P75,P510,1601
P75,P644,1601
P75,P693,1601
P75,P827,1601
P75,P839,1601
P170,P510,1601
P170,P644,1601
P170,P693,1601
P170,P827,1601
P170,P839,1601
P510,P644,1601
P510,P693,1601
P510,P827,1601
P510,P839,1601
P644,P693,1601
P644,P827,1601
P644,P839,1601
P693,P827,1601
P693,P839,1601
P827,P839,1601
P320,P338,16966
P307,P551,17421
P307,P582,17421
P307,P699,17421
P551,P582,17421
P551,P699,17421
P582,P699,17421
P454,P850,17453
P691,P782,17474
P291,P742,19877
P246,P413,19928
P225,P487,19943
P28,P89,19950
P28,P342,19950
P28,P439,19950
P89,P342,19950
P89,P439,19950
P342,P439,19950
P670,P713,19996
P616,P755,220845
P149,P194,230080
P149,P341,230080
P194,P341,230080
P184,P619,230136
P260,P881,230433
P99,P652,231919
P10,P123,237736
P278,P414,239853
P278,P467,239853
P414,P467,239853
P21,P792,239865
P690,P731,24160
P690,P780,24160
P731,P780,24160
P218,P601,243847
P250,P855,244252
P100,P317,244367
P597,P721,248727
P597,P849,248727
P721,P849,248727
P79,P324,248738
P273,P447,250644
P715,P801,250647
P248,P756,250649
P428,P706,250655
P115,P496,2627
P507,P531,26360
P40,P126,2651
P382,P623,2653
P621,P831,2659
P66,P710,2661
P112,P241,2665
P449,P470,2666
P449,P645,2666
P449,P859,2666
P470,P645,2666
P470,P859,2666
P645,P859,2666
P129,P534,2668
P141,P853,2678
P363,P703,2691
P208,P732,2699
P398,P583,28403
P544,P547,2908
P408,P438,29106
P408,P832,29106
P438,P832,29106
P671,P685,29750
P86,P207,3101278
P51,P165,3101295
P51,P267,3101295
P51,P639,3101295
P51,P687,3101295
P51,P825,3101295
P165,P267,3101295
P165,P639,3101295
P165,P687,3101295
P165,P825,3101295
P267,P639,3101295
P267,P687,3101295
P267,P825,3101295
P639,P687,3101295
P639,P825,3101295
P687,P825,3101295
P477,P727,31027
P39,P334,345764
P420,P596,345773
P420,P800,345773
P596,P800,345773
P206,P252,347054
P26,P183,347077
P26,P234,347077
P26,P262,347077
P183,P234,347077
P183,P262,347077
P234,P262,347077
P424,P617,347080
P14,P120,347082
P14,P542,347082
P14,P543,347082
P14,P611,347082
P14,P814,347082
P14,P851,347082
P120,P542,347082
P120,P543,347082
P120,P611,347082
P120,P814,347082
P120,P851,347082
P542,P543,347082
P542,P611,347082
P542,P814,347082
P542,P851,347082
P543,P611,347082
P543,P814,347082
P543,P851,347082
P611,P814,347082
P611,P851,347082
P814,P851,347082
P64,P168,347088
P64,P361,347088
P64,P635,347088
P64,P643,347088
P64,P820,347088
P168,P361,347088
P168,P635,347088
P168,P643,347088
P168,P820,347088
P361,P635,347088
P361,P643,347088
P361,P820,347088
P635,P643,347088
P635,P820,347088
P643,P820,347088
P9,P173,347742
P9,P870,347742
P173,P870,347742
P50,P354,349237
P8,P25,349909
P8,P375,349909
P8,P568,349909
P25,P375,349909
P25,P568,349909
P375,P568,349909
P216,P394,35273
P216,P660,35273
P394,P660,35273
P103,P125,35281
P576,P761,358585
P166,P329,363291
P166,P549,363291
P329,P549,363291
P80,P778,364516
P189,P658,364849
P302,P331,367226
P242,P613,367230
P319,P857,36928
P497,P592,36947
P63,P231,36973
P255,P425,370129
P187,P365,370365
P110,P518,371110
P110,P769,371110
P518,P769,371110
P432,P640,376564
P17,P172,382652
P17,P279,382652
P17,P788,382652
P17,P886,382652
P172,P279,382652
P172,P788,382652
P172,P886,382652
P279,P788,382652
P279,P886,382652
P788,P886,382652
P752,P824,392096
P177,P230,4133
P177,P410,4133
P177,P486,4133
P230,P410,4133
P230,P486,4133
P410,P486,4133
P625,P736,54636
P139,P877,7534
P566,P812,A/4 48871
P254,P618,A/5. 3336
P94,P789,C.A. 2315
P280,P747,C.A. 2673
P238,P638,C.A. 31921
P238,P802,C.A. 31921
P638,P802,C.A. 31921
P146,P550,C.A. 33112
P59,P451,C.A. 34651
P59,P473,C.A. 34651
P451,P473,C.A. 34651
P349,P490,C.A. 37671
P60,P72,CA 2144
P60,P387,CA 2144
P60,P481,CA 2144
P60,P679,CA 2144
P60,P684,CA 2144
P72,P387,CA 2144
P72,P481,CA 2144
P72,P679,CA 2144
P72,P684,CA 2144
P387,P481,CA 2144
P387,P679,CA 2144
P387,P684,CA 2144
P481,P679,CA 2144
P481,P684,CA 2144
P679,P684,CA 2144
P160,P181,CA. 2343
P160,P202,CA. 2343
P160,P325,CA. 2343
P160,P793,CA. 2343
P160,P847,CA. 2343
P160,P864,CA. 2343
P181,P202,CA. 2343
P181,P325,CA. 2343
P181,P793,CA. 2343
P181,P847,CA. 2343
P181,P864,CA. 2343
P202,P325,CA. 2343
P202,P793,CA. 2343
P202,P847,CA. 2343
P202,P864,CA. 2343
P325,P793,CA. 2343
P325,P847,CA. 2343
P325,P864,CA. 2343
P793,P847,CA. 2343
P793,P864,CA. 2343
P847,P864,CA. 2343
P315,P441,F.C.C. 13529
P315,P536,F.C.C. 13529
P441,P536,F.C.C. 13529
P180,P272,LINE
P180,P303,LINE
P180,P598,LINE
P272,P303,LINE
P272,P598,LINE
P303,P598,LINE
P309,P875,P/PP 3381
P370,P642,PC 17477
P310,P600,PC 17485
P119,P300,PC 17558
P32,P196,PC 17569
P53,P646,PC 17572
P53,P682,PC 17572
P646,P682,PC 17572
P269,P333,PC 17582
P269,P610,PC 17582
P333,P610,PC 17582
P140,P790,PC 17593
P35,P376,PC 17604
P312,P743,PC 17608
P335,P661,PC 17611
P259,P680,PC 17755
P259,P738,PC 17755
P680,P738,PC 17755
P381,P558,PC 17757
P381,P701,PC 17757
P381,P717,PC 17757
P558,P701,PC 17757
P558,P717,PC 17757
P701,P717,PC 17757
P308,P506,PC 17758
P270,P326,PC 17760
P270,P374,PC 17760
P326,P374,PC 17760
P538,P545,PC 17761
P11,P395,PP 9549
P818,P828,S.C./PARIS 2079
P773,P842,S.O./P.P. 3
P73,P121,S.O.C. 14879
P73,P386,S.O.C. 14879
P73,P656,S.O.C. 14879
P73,P666,S.O.C. 14879
P121,P386,S.O.C. 14879
P121,P656,S.O.C. 14879
P121,P666,S.O.C. 14879
P386,P656,S.O.C. 14879
P386,P666,S.O.C. 14879
P656,P666,S.O.C. 14879
P44,P609,SC/Paris 2123
P44,P686,SC/Paris 2123
P609,P686,SC/Paris 2123
P143,P404,STON/O2. 3101279
P784,P889,W./C. 6607
P87,P148,W./C. 6608
P87,P437,W./C. 6608
P87,P737,W./C. 6608
P148,P437,W./C. 6608
P148,P737,W./C. 6608
P437,P737,W./C. 6608
P541,P746,WE/P 5735
